date,year,month,month_name,year_month,quarter
2017-01-01,2017,1,Jan,2017-01,Q1
2017-02-01,2017,2,Feb,2017-02,Q1
2017-03-01,2017,3,Mar,2017-03,Q1
2017-04-01,2017,4,Apr,2017-04,Q2
2017-05-01,2017,5,May,2017-05,Q2
2017-06-01,2017,6,Jun,2017-06,Q2
2017-07-01,2017,7,Jul,2017-07,Q3
2017-08-01,2017,8,Aug,2017-08,Q3
2017-09-01,2017,9,Sep,2017-09,Q3
2017-10-01,2017,10,Oct,2017-10,Q4
2017-11-01,2017,11,Nov,2017-11,Q4
2017-12-01,2017,12,Dec,2017-12,Q4
2018-01-01,2018,1,Jan,2018-01,Q1
2018-02-01,2018,2,Feb,2018-02,Q1
2018-03-01,2018,3,Mar,2018-03,Q1
2018-04-01,2018,4,Apr,2018-04,Q2
2018-05-01,2018,5,May,2018-05,Q2
2018-06-01,2018,6,Jun,2018-06,Q2
2018-07-01,2018,7,Jul,2018-07,Q3
2018-08-01,2018,8,Aug,2018-08,Q3
2018-09-01,2018,9,Sep,2018-09,Q3
2018-10-01,2018,10,Oct,2018-10,Q4
2018-11-01,2018,11,Nov,2018-11,Q4
2018-12-01,2018,12,Dec,2018-12,Q4
2019-01-01,2019,1,Jan,2019-01,Q1
2019-02-01,2019,2,Feb,2019-02,Q1
2019-03-01,2019,3,Mar,2019-03,Q1
2019-04-01,2019,4,Apr,2019-04,Q2
2019-05-01,2019,5,May,2019-05,Q2
2019-06-01,2019,6,Jun,2019-06,Q2
2019-07-01,2019,7,Jul,2019-07,Q3
2019-08-01,2019,8,Aug,2019-08,Q3
2019-09-01,2019,9,Sep,2019-09,Q3
2019-10-01,2019,10,Oct,2019-10,Q4
2019-11-01,2019,11,Nov,2019-11,Q4
2019-12-01,2019,12,Dec,2019-12,Q4
2020-01-01,2020,1,Jan,2020-01,Q1
2020-02-01,2020,2,Feb,2020-02,Q1
2020-03-01,2020,3,Mar,2020-03,Q1
2020-04-01,2020,4,Apr,2020-04,Q2
2020-05-01,2020,5,May,2020-05,Q2
2020-06-01,2020,6,Jun,2020-06,Q2
2020-07-01,2020,7,Jul,2020-07,Q3
2020-08-01,2020,8,Aug,2020-08,Q3
2020-09-01,2020,9,Sep,2020-09,Q3
2020-10-01,2020,10,Oct,2020-10,Q4
2020-11-01,2020,11,Nov,2020-11,Q4
2020-12-01,2020,12,Dec,2020-12,Q4
2021-01-01,2021,1,Jan,2021-01,Q1
2021-02-01,2021,2,Feb,2021-02,Q1
2021-03-01,2021,3,Mar,2021-03,Q1
2021-04-01,2021,4,Apr,2021-04,Q2
2021-05-01,2021,5,May,2021-05,Q2
2021-06-01,2021,6,Jun,2021-06,Q2
2021-07-01,2021,7,Jul,2021-07,Q3
2021-08-01,2021,8,Aug,2021-08,Q3
2021-09-01,2021,9,Sep,2021-09,Q3
2021-10-01,2021,10,Oct,2021-10,Q4
2021-11-01,2021,11,Nov,2021-11,Q4
2021-12-01,2021,12,Dec,2021-12,Q4
2022-01-01,2022,1,Jan,2022-01,Q1
2022-02-01,2022,2,Feb,2022-02,Q1
2022-03-01,2022,3,Mar,2022-03,Q1
2022-04-01,2022,4,Apr,2022-04,Q2
2022-05-01,2022,5,May,2022-05,Q2
2022-06-01,2022,6,Jun,2022-06,Q2
2022-07-01,2022,7,Jul,2022-07,Q3
2022-08-01,2022,8,Aug,2022-08,Q3
2022-09-01,2022,9,Sep,2022-09,Q3
2022-10-01,2022,10,Oct,2022-10,Q4
2022-11-01,2022,11,Nov,2022-11,Q4
2022-12-01,2022,12,Dec,2022-12,Q4
2023-01-01,2023,1,Jan,2023-01,Q1
2023-02-01,2023,2,Feb,2023-02,Q1
2023-03-01,2023,3,Mar,2023-03,Q1
2023-04-01,2023,4,Apr,2023-04,Q2
2023-05-01,2023,5,May,2023-05,Q2
2023-06-01,2023,6,Jun,2023-06,Q2
2023-07-01,2023,7,Jul,2023-07,Q3
2023-08-01,2023,8,Aug,2023-08,Q3
2023-09-01,2023,9,Sep,2023-09,Q3
2023-10-01,2023,10,Oct,2023-10,Q4
2023-11-01,2023,11,Nov,2023-11,Q4
2023-12-01,2023,12,Dec,2023-12,Q4
2024-01-01,2024,1,Jan,2024-01,Q1
2024-02-01,2024,2,Feb,2024-02,Q1
2024-03-01,2024,3,Mar,2024-03,Q1
2024-04-01,2024,4,Apr,2024-04,Q2
2024-05-01,2024,5,May,2024-05,Q2
2024-06-01,2024,6,Jun,2024-06,Q2
2024-07-01,2024,7,Jul,2024-07,Q3
2024-08-01,2024,8,Aug,2024-08,Q3
2024-09-01,2024,9,Sep,2024-09,Q3
2024-10-01,2024,10,Oct,2024-10,Q4
2024-11-01,2024,11,Nov,2024-11,Q4
2024-12-01,2024,12,Dec,2024-12,Q4
2025-01-01,2025,1,Jan,2025-01,Q1
2025-02-01,2025,2,Feb,2025-02,Q1
2025-03-01,2025,3,Mar,2025-03,Q1
2025-04-01,2025,4,Apr,2025-04,Q2
2025-05-01,2025,5,May,2025-05,Q2
2025-06-01,2025,6,Jun,2025-06,Q2
2025-07-01,2025,7,Jul,2025-07,Q3
2025-08-01,2025,8,Aug,2025-08,Q3
2025-09-01,2025,9,Sep,2025-09,Q3
2025-10-01,2025,10,Oct,2025-10,Q4
2025-11-01,2025,11,Nov,2025-11,Q4
2025-12-01,2025,12,Dec,2025-12,Q4
2026-01-01,2026,1,Jan,2026-01,Q1
2026-02-01,2026,2,Feb,2026-02,Q1
2026-03-01,2026,3,Mar,2026-03,Q1
2026-04-01,2026,4,Apr,2026-04,Q2
2026-05-01,2026,5,May,2026-05,Q2
2026-06-01,2026,6,Jun,2026-06,Q2
2026-07-01,2026,7,Jul,2026-07,Q3
2026-08-01,2026,8,Aug,2026-08,Q3
2026-09-01,2026,9,Sep,2026-09,Q3
2026-10-01,2026,10,Oct,2026-10,Q4
2026-11-01,2026,11,Nov,2026-11,Q4
2026-12-01,2026,12,Dec,2026-12,Q4
2027-01-01,2027,1,Jan,2027-01,Q1
2027-02-01,2027,2,Feb,2027-02,Q1
