date,industry_code,forecast,lower_80,upper_80,model
2026-09-01,000000,1.908,1.776,2.041,SES
2026-10-01,000000,1.908,1.721,2.096,SES
2026-11-01,000000,1.908,1.679,2.138,SES
2026-12-01,000000,1.908,1.644,2.173,SES
2027-01-01,000000,1.908,1.612,2.204,SES
2027-02-01,000000,1.908,1.584,2.233,SES
2026-09-01,100000,2.114,1.962,2.267,Holt damped
2026-10-01,100000,2.107,1.891,2.323,Holt damped
2026-11-01,100000,2.101,1.837,2.365,Holt damped
2026-12-01,100000,2.096,1.791,2.401,Holt damped
2027-01-01,100000,2.092,1.751,2.433,Holt damped
2027-02-01,100000,2.088,1.714,2.462,Holt damped
2026-09-01,110099,2.303,1.927,2.679,SES
2026-10-01,110099,2.303,1.772,2.834,SES
2026-11-01,110099,2.303,1.652,2.954,SES
2026-12-01,110099,2.303,1.551,3.054,SES
2027-01-01,110099,2.303,1.463,3.143,SES
2027-02-01,110099,2.303,1.383,3.223,SES
2026-09-01,230000,1.739,1.333,2.145,SES
2026-10-01,230000,1.739,1.165,2.313,SES
2026-11-01,230000,1.739,1.036,2.442,SES
2026-12-01,230000,1.739,0.927,2.55,SES
2027-01-01,230000,1.739,0.831,2.646,SES
2027-02-01,230000,1.739,0.744,2.733,SES
2026-09-01,300000,1.522,1.336,1.709,SES
2026-10-01,300000,1.522,1.258,1.786,SES
2026-11-01,300000,1.522,1.199,1.845,SES
2026-12-01,300000,1.522,1.149,1.895,SES
2027-01-01,300000,1.522,1.105,1.939,SES
2027-02-01,300000,1.522,1.065,1.979,SES
2026-09-01,400000,2.458,2.234,2.683,SES
2026-10-01,400000,2.458,2.141,2.776,SES
2026-11-01,400000,2.458,2.07,2.847,SES
2026-12-01,400000,2.458,2.009,2.907,SES
2027-01-01,400000,2.458,1.956,2.96,SES
2027-02-01,400000,2.458,1.908,3.008,SES
2026-09-01,510000,1.103,0.771,1.436,Holt damped
2026-10-01,510000,1.095,0.624,1.565,Holt damped
2026-11-01,510000,1.088,0.511,1.664,Holt damped
2026-12-01,510000,1.082,0.417,1.747,Holt damped
2027-01-01,510000,1.077,0.334,1.821,Holt damped
2027-02-01,510000,1.074,0.259,1.889,Holt damped
2026-09-01,510099,1.077,0.863,1.29,Holt damped
2026-10-01,510099,1.053,0.751,1.354,Holt damped
2026-11-01,510099,1.033,0.664,1.403,Holt damped
2026-12-01,510099,1.018,0.592,1.444,Holt damped
2027-01-01,510099,1.006,0.529,1.482,Holt damped
2027-02-01,510099,0.996,0.474,1.518,Holt damped
2026-09-01,540099,1.976,1.677,2.275,Holt damped
2026-10-01,540099,1.974,1.551,2.397,Holt damped
2026-11-01,540099,1.972,1.454,2.49,Holt damped
2026-12-01,540099,1.971,1.373,2.569,Holt damped
2027-01-01,540099,1.97,1.301,2.639,Holt damped
2027-02-01,540099,1.969,1.237,2.702,Holt damped
2026-09-01,600000,1.863,1.658,2.069,SES
2026-10-01,600000,1.863,1.573,2.154,SES
2026-11-01,600000,1.863,1.508,2.219,SES
2026-12-01,600000,1.863,1.453,2.274,SES
2027-01-01,600000,1.863,1.404,2.322,SES
2027-02-01,600000,1.863,1.361,2.366,SES
2026-09-01,700000,3.303,2.749,3.858,Holt damped
2026-10-01,700000,3.288,2.503,4.072,Holt damped
2026-11-01,700000,3.275,2.315,4.236,Holt damped
2026-12-01,700000,3.265,2.156,4.375,Holt damped
2027-01-01,700000,3.257,2.017,4.498,Holt damped
2027-02-01,700000,3.251,1.893,4.61,Holt damped
2026-09-01,810000,2.605,2.149,3.061,SES
2026-10-01,810000,2.605,1.96,3.25,SES
2026-11-01,810000,2.605,1.816,3.395,SES
2026-12-01,810000,2.605,1.693,3.517,SES
2027-01-01,810000,2.605,1.586,3.624,SES
2027-02-01,810000,2.605,1.489,3.722,SES
2026-09-01,900000,0.757,0.633,0.88,SES
2026-10-01,900000,0.757,0.582,0.931,SES
2026-11-01,900000,0.757,0.543,0.971,SES
2026-12-01,900000,0.757,0.51,1.004,SES
2027-01-01,900000,0.757,0.481,1.033,SES
2027-02-01,900000,0.757,0.454,1.059,SES
