industry_code,industry,industry_short,is_sector,measure,avg_2019,avg_2022,avg_latest_12m,change_vs_2019_pts,change_vs_2019_pct,change_vs_2022_pts
000000,Total nonfarm,Total nonfarm,False,HI,3.87,4.2,3.3,-0.57,-14.66,-0.9
000000,Total nonfarm,Total nonfarm,False,JO,4.52,6.85,4.3,-0.22,-4.97,-2.55
000000,Total nonfarm,Total nonfarm,False,LD,1.21,0.96,1.08,-0.12,-10.34,0.12
000000,Total nonfarm,Total nonfarm,False,QU,2.32,2.76,1.95,-0.37,-15.83,-0.81
100000,Total private,Total private,False,HI,4.25,4.62,3.62,-0.62,-14.71,-0.99
100000,Total private,Total private,False,JO,4.77,7.22,4.5,-0.27,-5.76,-2.73
100000,Total private,Total private,False,LD,1.32,1.07,1.23,-0.09,-6.92,0.17
100000,Total private,Total private,False,QU,2.58,3.07,2.15,-0.43,-16.5,-0.92
110099,Mining and logging,Mining & logging,True,HI,3.48,3.78,3.31,-0.17,-4.8,-0.47
110099,Mining and logging,Mining & logging,True,JO,3.58,5.7,3.64,0.06,1.63,-2.06
110099,Mining and logging,Mining & logging,True,LD,1.7,0.78,0.92,-0.78,-46.08,0.13
110099,Mining and logging,Mining & logging,True,QU,2.06,2.14,2.2,0.14,6.88,0.06
230000,Construction,Construction,True,HI,5.56,4.76,3.85,-1.71,-30.73,-0.91
230000,Construction,Construction,True,JO,4.08,4.89,2.93,-1.14,-28.02,-1.96
230000,Construction,Construction,True,LD,2.86,1.86,1.84,-1.02,-35.57,-0.02
230000,Construction,Construction,True,QU,2.32,2.38,1.66,-0.66,-28.42,-0.73
300000,Manufacturing,Manufacturing,True,HI,2.62,3.59,2.36,-0.27,-10.16,-1.23
300000,Manufacturing,Manufacturing,True,JO,3.28,6.21,3.6,0.33,9.92,-2.61
300000,Manufacturing,Manufacturing,True,LD,0.85,0.82,0.81,-0.04,-4.9,-0.02
300000,Manufacturing,Manufacturing,True,QU,1.63,2.32,1.4,-0.23,-14.29,-0.92
400000,"Trade, transportation and utilities","Trade, transp. & util.",True,HI,4.18,4.54,3.65,-0.53,-12.75,-0.89
400000,"Trade, transportation and utilities","Trade, transp. & util.",True,JO,4.53,5.93,3.93,-0.6,-13.24,-2.0
400000,"Trade, transportation and utilities","Trade, transp. & util.",True,LD,1.21,0.93,1.11,-0.1,-8.28,0.17
400000,"Trade, transportation and utilities","Trade, transp. & util.",True,QU,2.69,3.26,2.38,-0.31,-11.46,-0.88
510000,Information,Information,True,HI,3.31,3.47,2.64,-0.67,-20.15,-0.83
510000,Information,Information,True,JO,4.68,6.81,3.28,-1.4,-29.89,-3.53
510000,Information,Information,True,LD,1.35,1.21,1.6,0.25,18.52,0.39
510000,Information,Information,True,QU,1.6,1.66,1.19,-0.41,-25.52,-0.47
510099,Financial activities,Financial activities,True,HI,2.52,2.68,2.0,-0.52,-20.79,-0.68
510099,Financial activities,Financial activities,True,JO,4.08,5.79,3.98,-0.1,-2.45,-1.81
510099,Financial activities,Financial activities,True,LD,0.6,0.54,0.56,-0.04,-6.94,0.02
510099,Financial activities,Financial activities,True,QU,1.47,1.68,1.19,-0.28,-18.75,-0.48
540099,Professional and business services,Prof. & business svcs,True,HI,5.39,5.5,4.4,-0.99,-18.39,-1.1
540099,Professional and business services,Prof. & business svcs,True,JO,5.62,8.68,5.33,-0.28,-5.04,-3.35
540099,Professional and business services,Prof. & business svcs,True,LD,1.98,1.62,2.03,0.06,2.95,0.41
540099,Professional and business services,Prof. & business svcs,True,QU,3.03,3.34,2.09,-0.94,-31.04,-1.25
600000,Education and health services,Education & health,True,HI,2.99,3.51,2.86,-0.13,-4.46,-0.65
600000,Education and health services,Education & health,True,JO,5.12,8.19,5.14,0.02,0.33,-3.05
600000,Education and health services,Education & health,True,LD,0.71,0.6,0.74,0.03,4.71,0.14
600000,Education and health services,Education & health,True,QU,1.92,2.45,1.84,-0.07,-3.91,-0.61
700000,Leisure and hospitality,Leisure & hospitality,True,HI,6.79,7.43,5.66,-1.13,-16.69,-1.77
700000,Leisure and hospitality,Leisure & hospitality,True,JO,5.66,9.15,5.2,-0.46,-8.1,-3.95
700000,Leisure and hospitality,Leisure & hospitality,True,LD,1.78,1.3,1.58,-0.19,-10.8,0.28
700000,Leisure and hospitality,Leisure & hospitality,True,QU,4.63,5.47,3.76,-0.87,-18.88,-1.71
810000,Other services,Other services,True,HI,3.68,3.96,3.55,-0.13,-3.62,-0.41
810000,Other services,Other services,True,JO,4.0,6.05,4.44,0.44,11.04,-1.61
810000,Other services,Other services,True,LD,1.09,1.01,0.96,-0.13,-12.21,-0.05
810000,Other services,Other services,True,QU,2.29,2.52,2.33,0.04,1.82,-0.19
900000,Government,Government,True,HI,1.61,1.84,1.39,-0.22,-13.47,-0.45
900000,Government,Government,True,JO,3.11,4.51,3.11,0.0,0.0,-1.4
900000,Government,Government,True,LD,0.47,0.36,0.33,-0.13,-28.57,-0.03
900000,Government,Government,True,QU,0.82,1.05,0.79,-0.03,-3.06,-0.26
